Id;Surname;Name;Patronymic;Gender;Mail;DateofBirth;Country;Phone;Direction;Password;Photos;RoleName;Event
1;Галкина;Верона;Васильевна;женский;obuckridge@sipes.com;05.18.1969;304;78805446183;Дизайн;HHikbP;foto21.jpg;Жюри;
2;Герасимова;Айлин;Ефимовна;женский;loraine.aufderhar@johnston.info;09.06.1966;92;78354786160;Дизайн;TuhRzy;foto22.jpg;Жюри;
3;Большаков;Августин;Алексеевич;мужской;juanita.kuvalis@yahoo.com;12.07.1978;300;71737705513;ИТ;4Y83lz;foto23.jpg;Жюри;
4;Морозов;Ким;Демьянович;мужской;ibode@lebsack.com;11.10.1981;108;75187618569;ИТ;z0q7Co;foto24.jpg;Жюри;
5;Кошелев;Лука;Артёмович;мужской;lilly.rodriguez@yahoo.com;05.30.1995;84;73756443580;ИТ;uB8I2Z;foto25.jpg;Жюри;
6;Ларионова;Марина;Владимировна;женский;sandrine84@gmail.com;06.06.1950;276;75211212890;ИТ;o7Cjwu;foto26.jpg;Жюри;
7;Маслова;Марфа;Феликсовна;женский;pearlie.watsica@wintheiser.com;11.22.1997;32;76157411177;Биг Дата;zC4bi7;foto27.jpg;Жюри;
8;Гришин;Вениамин;Петрович;мужской;kaela97@hotmail.com;10.15.1954;308;74207880409;Информационная безопасность;ubeQbm;foto28.jpg;Жюри;
9;Гришин;Владислав;Аркадьевич;мужской;gino.baumbach@gmail.com;08.31.1950;850;72070887939;ИТ;16BLjl;foto29.jpg;Жюри;
10;Корнилова;Габи;Георгьевна;женский;deja76@mante.info;12.26.1962;112;78096518596;Информационная безопасность;XLleqI;foto30.jpg;Жюри;
11;Царева;Виктория;Давидовна;женский;iunhxq41tgr5@tutanota.com;03.07.1988;340;75671037332;ИТ;FYi396Dd5u;foto9.jpg;Модераторы;IT в бизнесе
12;Зорин;Дмитрий;Маркович;мужской;ofdt4z1bijq0@tutanota.com;07.09.1993;344;7796440106;ИТ;7gi7E8K4Ng;foto10.jpg;Модераторы;IT в бизнесе
13;Зотова;Анна;Тимуровна;женский;ac6yxzg7rl5k@mail.com;21.09.1990;862;74886431998;Биг Дата;3L3eA5eEg3;foto8.jpg;Модераторы;Разработка приложений
14;Соловьев;Тимур;Константинович;мужской;b1p4ur8nsedj@yahoo.com;03.09.1992;320;718285043949;Дизайн;Si8S5kS83v;foto11.jpg;Модераторы;IT-инфраструктура
15;Малахов;Александр;Фёдорович;мужской;wyo6k9emv1j5@mail.com;18.05.1957;52;79057936823;Биг Дата;T83vfX2Z3b;foto12.jpg;Модераторы;Разработка приложений
16;Зорин;Марк;Ярославович;мужской;g7kwp8lu65xi@tutanota.com;09.03.1961;548;7545226054;Аналитика;25cPn58HxV;foto13.jpg;Модераторы;Стартапы
17;Егорова;Ева;Михайловна;женский;doj5r1m8xnky@gmail.com;15.06.1987;10;7054414814;ИТ;3z86YDzaX8;foto14.jpg;Модераторы;IT в бизнесе
18;Гущина;Кристина;Львовна;женский;bxk06h5touyr@mail.com;28.06.1966;64;70238262526;Информационная безопасность;t8F9hZXp89;foto16.jpg;Модераторы;Информационная безопасность
19;Кудрявцева;Виктория;Романовна;женский;26yf8xbcntgp@gmail.com;27.01.1953;96;778045826490;Биг Дата;92mARR3gu4;foto17.jpg;Модераторы;Разработка приложений
20;Новикова;Александра;Александровна;женский;0z4fvq65c7tg@gmail.com;02.09.1982;24;714721225607;Аналитика;Kf64Y6rhZ3;foto18.jpg;Модераторы;Стартапы
21;Масленников;Родион;Филиппович;мужской;3kma18t5furi@gmail.com;09.06.1952;72;7239127167;Аналитика;s7iAYE9d38;foto19.jpg;Модераторы;Стартапы
22;Иванов;Тимур;Иванович;мужской;ws7nxyhd6g1o@yahoo.com;30.08.1955;266;759394898518;Информационная безопасность;3Ga9jfT9D2;foto20.jpg;Модераторы;Информационная безопасность
23;Иванов;Сергей;Степанович;мужской;oitzvs1mylj2@gmail.com;01.09.1993;895;740200344835;Дизайн;N6598CFsgi;foto21.jpg;Модераторы;IT-инфраструктура
24;Спиридонов;Ярослав;Сергеевич;мужской;las6pufjkv45@outlook.com;22.04.1969;831;7178437726;Дизайн;DV5625Zfmj;foto22.jpg;Модераторы;IT-инфраструктура
25;Виноградова;Эмилия;Валерьевна;женский;nl81b9i7s0ka@gmail.com;25.10.1991;348;7167884297;Дизайн;22YyD83dMg;foto23.jpg;Модераторы;IT-инфраструктура
26;Мартынова;Ева;Семёновна;женский;ma87ser3gkj9@yahoo.com;24.03.1984;854;70872678785;Информационная безопасность;522EmkEmA6;foto24.jpg;Модераторы;Информационная безопасность
27;Яковлева;Анисия;Григорьевна;женский;dfmygtwpecj9@tutanota.com;13.09.1997;51;77987119289;Информационная безопасность;uf9u227NYU;foto25.jpg;Модераторы;Информационная безопасность
28;Свиридов;Тимофей;Александрович;мужской;82zju4yritwo@mail.com;22.07.1991;50;7688822810;Биг Дата;4UDk9p76mD;foto26.jpg;Модераторы;Разработка приложений
29;Медведев;Захар;Даниилович;мужской;zo6nye42s87t@yahoo.com;11.04.1960;86;7362307977;Аналитика;cK49u3JU4n;foto27.jpg;Модераторы;Стартапы
30;Тихонова;Елизавета;Александровна;женский;0cejwmnpqtb6@gmail.com;07.01.1955;16;725942242837;Информационная безопасность;b2JHb32S8i;foto28.jpg;Модераторы;Информационная безопасность
31;Рыжов;Роман;Константинович;мужской;42thql96cwe5@yahoo.com;30.12.1981;40;710090256470;Биг Дата;uASc9446eF;foto29.jpg;Модераторы;Разработка приложений
32;Васильев;Всеволод;Давидович;мужской;6z92wongmash@tutanota.com;16.10.1988;312;73549035367;;Ke22Yh8Pp7;foto1.jpg; Организаторы;
33;Новиков;Фёдор;Макарович;мужской;jkp23vlzsqei@gmail.com;03.08.1980;36;765629250177;;Tj78jXeH68;foto2.jpg; Организаторы;
34;Фролова;Владислава;Савельевна;женский;dncmxp1vqr4t@tutanota.com;13.07.1999;68;7129813356;;DF9a8cJf82;foto3.jpg; Организаторы;
35;Кузнецов;Елисей;Александрович;мужской;sn4xvg8wyb0h@outlook.com;19.12.1983;324;76986672245;;B2bdk8FD27;foto4.jpg; Организаторы;
36;Рябова;София;Матвеевна;женский;9zaecohlw2xy@tutanota.com;10.08.1998;100;7383931143;;58vMHdK4g5;foto5.jpg; Организаторы;
37;Власов;Арсений;Львович;мужской;sohzld6c52mv@gmail.com;28.05.1980;268;742975391381;;T3uhc34E9Z;foto6.jpg; Организаторы;
38;Маслова;Екатерина;Макаровна;женский;a1v0lgxsz3qb@mail.com;26.10.1983;292;7496386662;;dj8PN3b4M9;foto7.jpg; Организаторы;
39;Агафонов;Давид;Артёмович;мужской;lry2ko5t031w@gmail.com;14.10.1995;270;7657065585;;uy69Pp8DY6;foto8.jpg; Организаторы;
40;Федотова;Варвара;Сергеевна;женский;omrjzf0pc8n6@outlook.com;05.12.1996;28;7404202406;;Sp3k6Ax86E;foto9.jpg; Организаторы;
41;Кудряшова;Виктория;Дмитриевна;женский;t1wpou7merxi@yahoo.com;13.02.1999;70;74279392467;;fvm774FV3R;foto10.jpg; Организаторы;
42;Ершова;Нора;Федотовна;женский;techie@outlook.com;26.03.1987;20;79604240711;;tKKevv8%;foto60.jpg;Участники;
43;Афанасьева;Жанна;Валентиновна;женский;agapow@yahoo.com;04.01.1988;204;79306616931;;huSfHm4$;foto61.jpg;Участники;
44;Крылова;Рая;Всеволодовна;женский;chaikin@yahoo.ca;05.04.1988;316;79572656068;;TlUwMw77%;foto62.jpg;Участники;
45;Попова;Вида;Тимофеевна;женский;lbecchi@yahoo.ca;25.10.1989;328;79117440314;;%afF#@6;foto63.jpg;Участники;
46;Давыдова;Сандра;Богуславовна;женский;bbirth@gmail.com;27.12.1989;31;79848778764;;"SU4Jpw""";foto64.jpg;Участники;
47;Прохорова;Сабина;Созоновна;женский;library@sbcglobal.net;16.01.1990;76;79405002072;;wL#O0V;foto65.jpg;Участники;
48;Громова;Сильва;Адольфовна;женский;sisyphus@live.com;13.06.1990;704;79560567521;;p5r{zY;foto66.jpg;Участники;
49;Боброва;Джема;Феликсовна;женский;msroth@hotmail.com;03.07.1990;660;79654933966;;wTVK~M1;foto67.jpg;Участники;
50;Фокина;Алия;Юлиановна;женский;dodong@yahoo.com;27.11.1990;332;79973296978;;8*Zfaj;foto68.jpg;Участники;
51;Калинина;Маргарита;Анатольевна;женский;bcevc@hotmail.com;08.06.1991;624;79645715650;;4sBGr*;foto69.jpg;Участники;
52;Горшкова;Дина;Тарасовна;женский;sethbrown@aol.com;13.08.1991;48;79184188073;;BpC8e8];foto70.jpg;Участники;
53;Гуляева;Ирэна;Юрьевна;женский;ftgvh2xbdaps@tutanota.com;03.10.1992;288;7918413939;;cI1CTd;foto1.jpg;Участники;
54;Бурова;Келен;Натановна;женский;ervbd91pfcoi@mail.com;09.19.1990;533;79184181029;;MPmfYk;foto2.jpg;Участники;
55;Королёва;Лаура;Пётровна;женский;p3y4b981xwdl@outlook.com;07.31.1995;44;791841882942;;omtSW3;foto3.jpg;Участники;
56;Степанова;Розалия;Евсеевна;женский;8e9kvxq6z70o@mail.com;02.11.1994;8;79184180129;;cErGgC;foto4.jpg;Участники;
57;Тимофеева;Евгения;Викторовна;женский;obnk82vzpg34@yahoo.com;02.01.1982;4;79184181203;;q2se3v;foto5.jpg;Участники;
58;Дроздова;Винетта;Германовна;женский;wl652rgtk9js@gmail.com;06.17.1996;56;79184181035;;KnqfAk;foto6.jpg;Участники;
59;Лукина;Ксения;Романовна;женский;23rgct5v1myx@gmail.com;09.18.1990;535;79184181038;;6YxPwE;foto7.jpg;Участники;
60;Мышкина;Триана;Геннадьевна;женский;i4fs8e6mlk5p@yahoo.com;12.30.1981;60;79184189137;;pBQpPx;foto8.jpg;Участники;
61;Михеева;Аделия;Авксентьевна;женский;4hu6f8dxvngq@tutanota.com;11.06.1989;12;79182394582;;FkX6Ms;foto9.jpg;Участники;
